,Meta Data,Monthly Time Series
1. Information,"Monthly Prices (open, high, low, close) and Volumes",
2. Symbol,wti,
3. Last Refreshed,2022-12-16,
4. Time Zone,US/Eastern,
2022-12-16,,"{'1. open': '7.0300', '2. high': '7.0904', '3. low': '5.4000', '4. close': '5.7400', '5. volume': '37456561'}"
2022-11-30,,"{'1. open': '7.7400', '2. high': '9.1600', '3. low': '6.2000', '4. close': '6.8700', '5. volume': '66615039'}"
2022-10-31,,"{'1. open': '6.2600', '2. high': '8.3150', '3. low': '6.2500', '4. close': '7.5900', '5. volume': '67567595'}"
2022-09-30,,"{'1. open': '6.3200', '2. high': '7.6800', '3. low': '5.0200', '4. close': '5.8600', '5. volume': '86454852'}"
2022-08-31,,"{'1. open': '4.7600', '2. high': '7.5900', '3. low': '4.0600', '4. close': '6.5000', '5. volume': '100553208'}"
2022-07-29,,"{'1. open': '4.4000', '2. high': '5.0550', '3. low': '3.5700', '4. close': '4.9700', '5. volume': '81248039'}"
2022-06-30,,"{'1. open': '6.8400', '2. high': '9.0100', '3. low': '4.2500', '4. close': '4.3200', '5. volume': '134654784'}"
2022-05-31,,"{'1. open': '4.7000', '2. high': '7.1300', '3. low': '4.4300', '4. close': '6.7300', '5. volume': '95978846'}"
2022-04-29,,"{'1. open': '3.8400', '2. high': '5.5300', '3. low': '3.8400', '4. close': '4.7600', '5. volume': '86417476'}"
2022-03-31,,"{'1. open': '4.9400', '2. high': '6.6800', '3. low': '3.8000', '4. close': '3.8200', '5. volume': '154238930'}"
2022-02-28,,"{'1. open': '4.2000', '2. high': '4.8600', '3. low': '4.0500', '4. close': '4.8600', '5. volume': '61506400'}"
2022-01-31,,"{'1. open': '3.2600', '2. high': '4.5800', '3. low': '3.2350', '4. close': '4.2800', '5. volume': '50222124'}"
2021-12-31,,"{'1. open': '3.5400', '2. high': '3.7500', '3. low': '2.9720', '4. close': '3.2300', '5. volume': '40391187'}"
2021-11-30,,"{'1. open': '4.1900', '2. high': '4.3800', '3. low': '3.3000', '4. close': '3.4400', '5. volume': '46103416'}"
2021-10-29,,"{'1. open': '3.7200', '2. high': '4.8265', '3. low': '3.7200', '4. close': '4.1100', '5. volume': '80095770'}"
2021-09-30,,"{'1. open': '3.2400', '2. high': '3.8600', '3. low': '3.0600', '4. close': '3.7200', '5. volume': '61454214'}"
2021-08-31,,"{'1. open': '4.0200', '2. high': '4.2100', '3. low': '2.6400', '4. close': '3.2600', '5. volume': '54102420'}"
2021-07-30,,"{'1. open': '4.9800', '2. high': '5.1400', '3. low': '3.5200', '4. close': '4.0500', '5. volume': '45203171'}"
2021-06-30,,"{'1. open': '3.8500', '2. high': '4.9900', '3. low': '3.8480', '4. close': '4.8500', '5. volume': '58752424'}"
2021-05-28,,"{'1. open': '3.3500', '2. high': '3.8800', '3. low': '3.2700', '4. close': '3.7400', '5. volume': '43545114'}"
2021-04-30,,"{'1. open': '3.6300', '2. high': '3.8300', '3. low': '2.9370', '4. close': '3.2900', '5. volume': '54379433'}"
2021-03-31,,"{'1. open': '3.3800', '2. high': '5.0000', '3. low': '3.1900', '4. close': '3.5900', '5. volume': '133224411'}"
2021-02-26,,"{'1. open': '2.4700', '2. high': '3.4400', '3. low': '2.3600', '4. close': '3.2900', '5. volume': '69624085'}"
2021-01-29,,"{'1. open': '2.2100', '2. high': '2.7400', '3. low': '2.1500', '4. close': '2.4200', '5. volume': '75375958'}"
2020-12-31,,"{'1. open': '2.0400', '2. high': '2.7500', '3. low': '1.9400', '4. close': '2.1700', '5. volume': '106897724'}"
2020-11-30,,"{'1. open': '1.4000', '2. high': '2.4500', '3. low': '1.3500', '4. close': '1.9600', '5. volume': '98329016'}"
2020-10-30,,"{'1. open': '1.7500', '2. high': '1.9300', '3. low': '1.3650', '4. close': '1.4000', '5. volume': '49834887'}"
2020-09-30,,"{'1. open': '2.2300', '2. high': '2.2400', '3. low': '1.6500', '4. close': '1.8000', '5. volume': '64890217'}"
2020-08-31,,"{'1. open': '2.2600', '2. high': '2.6400', '3. low': '2.1600', '4. close': '2.2300', '5. volume': '65975493'}"
2020-07-31,,"{'1. open': '2.3000', '2. high': '2.6700', '3. low': '2.1100', '4. close': '2.2600', '5. volume': '97765642'}"
2020-06-30,,"{'1. open': '2.6200', '2. high': '3.9700', '3. low': '2.1800', '4. close': '2.2800', '5. volume': '170024038'}"
2020-05-29,,"{'1. open': '2.6700', '2. high': '2.8500', '3. low': '2.2500', '4. close': '2.6100', '5. volume': '111040350'}"
2020-04-30,,"{'1. open': '1.6000', '2. high': '2.9950', '3. low': '1.4400', '4. close': '2.7700', '5. volume': '207839780'}"
2020-03-31,,"{'1. open': '2.7400', '2. high': '2.8300', '3. low': '1.0700', '4. close': '1.7000', '5. volume': '152121295'}"
2020-02-28,,"{'1. open': '4.1000', '2. high': '4.3200', '3. low': '2.3700', '4. close': '2.6000', '5. volume': '60951848'}"
2020-01-31,,"{'1. open': '5.6100', '2. high': '6.1000', '3. low': '4.0600', '4. close': '4.1400', '5. volume': '54410550'}"
2019-12-31,,"{'1. open': '4.3300', '2. high': '5.7800', '3. low': '3.9900', '4. close': '5.5600', '5. volume': '47152831'}"
2019-11-29,,"{'1. open': '4.0500', '2. high': '4.6200', '3. low': '3.9100', '4. close': '4.2800', '5. volume': '56690432'}"
2019-10-31,,"{'1. open': '4.4000', '2. high': '4.5700', '3. low': '3.7500', '4. close': '4.0300', '5. volume': '48254565'}"
2019-09-30,,"{'1. open': '4.2700', '2. high': '5.9400', '3. low': '4.1100', '4. close': '4.3700', '5. volume': '64952717'}"
2019-08-30,,"{'1. open': '4.6700', '2. high': '4.8900', '3. low': '3.9600', '4. close': '4.3800', '5. volume': '49806981'}"
2019-07-31,,"{'1. open': '5.1400', '2. high': '5.2050', '3. low': '4.0450', '4. close': '4.4900', '5. volume': '55166175'}"
2019-06-28,,"{'1. open': '4.2400', '2. high': '4.9900', '3. low': '4.1200', '4. close': '4.9600', '5. volume': '44799214'}"
2019-05-31,,"{'1. open': '6.3800', '2. high': '6.3918', '3. low': '4.1200', '4. close': '4.2000', '5. volume': '59947627'}"
2019-04-30,,"{'1. open': '7.0300', '2. high': '7.1750', '3. low': '6.2100', '4. close': '6.3800', '5. volume': '45005664'}"
2019-03-29,,"{'1. open': '5.2500', '2. high': '7.1500', '3. low': '4.7300', '4. close': '6.9000', '5. volume': '72827019'}"
2019-02-28,,"{'1. open': '5.0900', '2. high': '5.3200', '3. low': '4.3650', '4. close': '5.2100', '5. volume': '41419310'}"
2019-01-31,,"{'1. open': '4.0200', '2. high': '5.7500', '3. low': '3.9100', '4. close': '5.0400', '5. volume': '49823811'}"
2018-12-31,,"{'1. open': '6.1200', '2. high': '6.4400', '3. low': '3.6200', '4. close': '4.1200', '5. volume': '62754535'}"
2018-11-30,,"{'1. open': '7.0000', '2. high': '7.9900', '3. low': '5.2400', '4. close': '5.8100', '5. volume': '69165338'}"
2018-10-31,,"{'1. open': '9.7300', '2. high': '9.8800', '3. low': '6.1500', '4. close': '6.7400', '5. volume': '73420068'}"
2018-09-28,,"{'1. open': '6.8200', '2. high': '9.8400', '3. low': '6.1700', '4. close': '9.6400', '5. volume': '65608544'}"
2018-08-31,,"{'1. open': '6.8100', '2. high': '7.6000', '3. low': '5.5200', '4. close': '6.7700', '5. volume': '85378760'}"
2018-07-31,,"{'1. open': '6.9800', '2. high': '9.1200', '3. low': '6.6100', '4. close': '6.9400', '5. volume': '75854125'}"
2018-06-29,,"{'1. open': '6.8300', '2. high': '7.6800', '3. low': '6.2200', '4. close': '7.1500', '5. volume': '85636046'}"
2018-05-31,,"{'1. open': '6.0400', '2. high': '8.9177', '3. low': '5.8300', '4. close': '6.8500', '5. volume': '102635894'}"
2018-04-30,,"{'1. open': '4.4000', '2. high': '6.2700', '3. low': '4.0600', '4. close': '6.1000', '5. volume': '51237716'}"
2018-03-29,,"{'1. open': '3.8800', '2. high': '4.5750', '3. low': '3.5000', '4. close': '4.4300', '5. volume': '39669333'}"
2018-02-28,,"{'1. open': '4.8500', '2. high': '4.9700', '3. low': '3.3800', '4. close': '3.8900', '5. volume': '44862671'}"
2018-01-31,,"{'1. open': '3.3500', '2. high': '5.3400', '3. low': '3.3490', '4. close': '4.8400', '5. volume': '69664697'}"
2017-12-29,,"{'1. open': '3.1800', '2. high': '3.6800', '3. low': '2.5950', '4. close': '3.3100', '5. volume': '40213871'}"
2017-11-30,,"{'1. open': '3.1900', '2. high': '3.3800', '3. low': '2.9200', '4. close': '3.1400', '5. volume': '43018948'}"
2017-10-31,,"{'1. open': '2.8900', '2. high': '3.3200', '3. low': '2.7600', '4. close': '3.1300', '5. volume': '49578804'}"
2017-09-29,,"{'1. open': '1.9000', '2. high': '3.6900', '3. low': '1.8900', '4. close': '3.0500', '5. volume': '79468254'}"
2017-08-31,,"{'1. open': '1.9600', '2. high': '2.1000', '3. low': '1.8300', '4. close': '1.9100', '5. volume': '34021899'}"
2017-07-31,,"{'1. open': '1.9900', '2. high': '2.1000', '3. low': '1.8100', '4. close': '1.9600', '5. volume': '26599460'}"
2017-06-30,,"{'1. open': '2.0600', '2. high': '2.2500', '3. low': '1.8600', '4. close': '1.9600', '5. volume': '41901970'}"
2017-05-31,,"{'1. open': '2.0500', '2. high': '2.4900', '3. low': '1.8500', '4. close': '2.0400', '5. volume': '32604647'}"
2017-04-28,,"{'1. open': '2.7600', '2. high': '2.8100', '3. low': '1.9600', '4. close': '2.0400', '5. volume': '26223440'}"
2017-03-31,,"{'1. open': '2.5400', '2. high': '3.0800', '3. low': '2.5300', '4. close': '2.7700', '5. volume': '37276020'}"
2017-02-28,,"{'1. open': '2.9000', '2. high': '2.9500', '3. low': '2.5000', '4. close': '2.5100', '5. volume': '23030527'}"
2017-01-31,,"{'1. open': '2.9000', '2. high': '3.3900', '3. low': '2.7300', '4. close': '2.9000', '5. volume': '40219428'}"
2016-12-30,,"{'1. open': '1.7700', '2. high': '3.4696', '3. low': '1.7500', '4. close': '2.7700', '5. volume': '82248377'}"
2016-11-30,,"{'1. open': '1.4700', '2. high': '1.7400', '3. low': '1.3100', '4. close': '1.6900', '5. volume': '18205512'}"
2016-10-31,,"{'1. open': '1.7700', '2. high': '1.7800', '3. low': '1.4300', '4. close': '1.4500', '5. volume': '16294015'}"
2016-09-30,,"{'1. open': '1.7000', '2. high': '1.8600', '3. low': '1.5100', '4. close': '1.7600', '5. volume': '18543756'}"
2016-08-31,,"{'1. open': '1.9900', '2. high': '2.1300', '3. low': '1.7100', '4. close': '1.7100', '5. volume': '25258840'}"
2016-07-29,,"{'1. open': '2.2700', '2. high': '2.3500', '3. low': '1.9750', '4. close': '1.9900', '5. volume': '15927819'}"
2016-06-30,,"{'1. open': '2.1000', '2. high': '2.3200', '3. low': '2.0300', '4. close': '2.3200', '5. volume': '23147646'}"
2016-05-31,,"{'1. open': '2.4200', '2. high': '2.6200', '3. low': '1.9800', '4. close': '2.1100', '5. volume': '30644489'}"
2016-04-29,,"{'1. open': '2.1000', '2. high': '2.7400', '3. low': '1.9300', '4. close': '2.4100', '5. volume': '41339175'}"
2016-03-31,,"{'1. open': '1.8900', '2. high': '3.5000', '3. low': '1.8500', '4. close': '2.1900', '5. volume': '59219419'}"
2016-02-29,,"{'1. open': '1.9000', '2. high': '1.9500', '3. low': '1.4800', '4. close': '1.8200', '5. volume': '22426336'}"
2016-01-29,,"{'1. open': '2.4400', '2. high': '2.5600', '3. low': '1.2300', '4. close': '1.9500', '5. volume': '29642336'}"
2015-12-31,,"{'1. open': '3.7400', '2. high': '3.7950', '3. low': '2.0500', '4. close': '2.3100', '5. volume': '28571865'}"
2015-11-30,,"{'1. open': '3.2100', '2. high': '4.0000', '3. low': '3.1700', '4. close': '3.7500', '5. volume': '22448709'}"
2015-10-30,,"{'1. open': '3.0700', '2. high': '3.7000', '3. low': '2.8000', '4. close': '3.2600', '5. volume': '29474337'}"
2015-09-30,,"{'1. open': '3.5800', '2. high': '3.8500', '3. low': '2.9000', '4. close': '3.0000', '5. volume': '24385783'}"
2015-08-31,,"{'1. open': '3.6900', '2. high': '3.7800', '3. low': '2.5100', '4. close': '3.5700', '5. volume': '25967195'}"
2015-07-31,,"{'1. open': '5.4200', '2. high': '5.4650', '3. low': '3.6900', '4. close': '3.7700', '5. volume': '29538870'}"
2015-06-30,,"{'1. open': '5.4200', '2. high': '5.7800', '3. low': '5.1400', '4. close': '5.4800', '5. volume': '24405148'}"
2015-05-29,,"{'1. open': '6.3300', '2. high': '6.7100', '3. low': '5.0500', '4. close': '5.4100', '5. volume': '49351190'}"
2015-04-30,,"{'1. open': '5.1300', '2. high': '7.0600', '3. low': '5.1100', '4. close': '6.4300', '5. volume': '60106239'}"
2015-03-31,,"{'1. open': '5.9100', '2. high': '6.4850', '3. low': '4.6300', '4. close': '5.1100', '5. volume': '61543065'}"
2015-02-27,,"{'1. open': '5.1400', '2. high': '7.1800', '3. low': '5.0600', '4. close': '5.9700', '5. volume': '53861298'}"
2015-01-30,,"{'1. open': '7.2800', '2. high': '7.4800', '3. low': '4.8000', '4. close': '5.0600', '5. volume': '42454234'}"
2014-12-31,,"{'1. open': '7.4400', '2. high': '7.9500', '3. low': '5.3400', '4. close': '7.3400', '5. volume': '54535028'}"
2014-11-28,,"{'1. open': '9.2000', '2. high': '10.7800', '3. low': '7.5200', '4. close': '7.5300', '5. volume': '34470619'}"
2014-10-31,,"{'1. open': '11.1000', '2. high': '11.3200', '3. low': '8.2000', '4. close': '9.0900', '5. volume': '33963021'}"
2014-09-30,,"{'1. open': '14.8500', '2. high': '14.8500', '3. low': '10.8650', '4. close': '11.0000', '5. volume': '17815315'}"
2014-08-29,,"{'1. open': '13.4300', '2. high': '15.1200', '3. low': '12.7700', '4. close': '14.9200', '5. volume': '14082800'}"
2014-07-31,,"{'1. open': '16.4500', '2. high': '16.7500', '3. low': '13.3800', '4. close': '13.4100', '5. volume': '10420100'}"
2014-06-30,,"{'1. open': '14.6700', '2. high': '16.7300', '3. low': '14.0000', '4. close': '16.3700', '5. volume': '14953700'}"
2014-05-30,,"{'1. open': '19.1800', '2. high': '19.3000', '3. low': '14.4200', '4. close': '14.6700', '5. volume': '17298700'}"
2014-04-30,,"{'1. open': '17.4300', '2. high': '19.7800', '3. low': '17.0000', '4. close': '19.2000', '5. volume': '16502500'}"
2014-03-31,,"{'1. open': '15.0700', '2. high': '17.3250', '3. low': '13.9300', '4. close': '17.3100', '5. volume': '21220800'}"
2014-02-28,,"{'1. open': '14.2600', '2. high': '15.9700', '3. low': '13.5200', '4. close': '15.0700', '5. volume': '14234800'}"
2014-01-31,,"{'1. open': '15.8200', '2. high': '16.1900', '3. low': '14.0600', '4. close': '14.3200', '5. volume': '14370200'}"
2013-12-31,,"{'1. open': '17.0500', '2. high': '17.5500', '3. low': '14.7690', '4. close': '16.0000', '5. volume': '14761800'}"
2013-11-29,,"{'1. open': '19.1400', '2. high': '20.0600', '3. low': '16.8000', '4. close': '17.2000', '5. volume': '14541900'}"
2013-10-31,,"{'1. open': '17.6700', '2. high': '20.4300', '3. low': '17.3600', '4. close': '19.0900', '5. volume': '11188100'}"
2013-09-30,,"{'1. open': '15.7900', '2. high': '18.1600', '3. low': '15.0900', '4. close': '17.7200', '5. volume': '12109200'}"
2013-08-30,,"{'1. open': '16.7200', '2. high': '17.4000', '3. low': '14.5500', '4. close': '15.4500', '5. volume': '12518600'}"
2013-07-31,,"{'1. open': '14.4700', '2. high': '17.0300', '3. low': '14.2300', '4. close': '16.2900', '5. volume': '9942500'}"
2013-06-28,,"{'1. open': '14.8400', '2. high': '15.3900', '3. low': '13.1300', '4. close': '14.2900', '5. volume': '11398700'}"
2013-05-31,,"{'1. open': '11.5400', '2. high': '15.8600', '3. low': '11.0300', '4. close': '14.7400', '5. volume': '16896600'}"
2013-04-30,,"{'1. open': '14.1300', '2. high': '14.1900', '3. low': '10.6800', '4. close': '11.6800', '5. volume': '15950300'}"
2013-03-28,,"{'1. open': '14.6500', '2. high': '15.8400', '3. low': '14.0700', '4. close': '14.2000', '5. volume': '14535600'}"
2013-02-28,,"{'1. open': '17.7300', '2. high': '18.4500', '3. low': '14.7400', '4. close': '14.8600', '5. volume': '10557300'}"
2013-01-31,,"{'1. open': '16.6200', '2. high': '18.1300', '3. low': '16.4500', '4. close': '17.6000', '5. volume': '10231500'}"
2012-12-31,,"{'1. open': '16.7300', '2. high': '18.2610', '3. low': '15.3700', '4. close': '16.0300', '5. volume': '9381100'}"
2012-11-30,,"{'1. open': '17.2600', '2. high': '18.5500', '3. low': '15.1415', '4. close': '16.5700', '5. volume': '11710300'}"
2012-10-31,,"{'1. open': '19.1600', '2. high': '19.7700', '3. low': '16.2600', '4. close': '16.9500', '5. volume': '9317900'}"
2012-09-28,,"{'1. open': '17.2900', '2. high': '21.3600', '3. low': '17.1200', '4. close': '18.7800', '5. volume': '11515300'}"
2012-08-31,,"{'1. open': '18.7000', '2. high': '18.7499', '3. low': '15.6700', '4. close': '17.2600', '5. volume': '14389400'}"
2012-07-31,,"{'1. open': '15.3000', '2. high': '19.2900', '3. low': '14.4900', '4. close': '18.4900', '5. volume': '15016500'}"
2012-06-29,,"{'1. open': '14.7900', '2. high': '16.5700', '3. low': '13.1800', '4. close': '15.3000', '5. volume': '26560200'}"
2012-05-31,,"{'1. open': '19.7200', '2. high': '20.6700', '3. low': '14.7560', '4. close': '15.3700', '5. volume': '23905500'}"
2012-04-30,,"{'1. open': '20.9700', '2. high': '21.7800', '3. low': '18.4000', '4. close': '19.7700', '5. volume': '12188600'}"
2012-03-30,,"{'1. open': '25.4600', '2. high': '25.9800', '3. low': '20.4500', '4. close': '21.0800', '5. volume': '13864700'}"
2012-02-29,,"{'1. open': '21.8800', '2. high': '27.4000', '3. low': '20.8000', '4. close': '25.2500', '5. volume': '12933700'}"
2012-01-31,,"{'1. open': '22.0800', '2. high': '22.5000', '3. low': '19.8900', '4. close': '21.6100', '5. volume': '8841800'}"
2011-12-30,,"{'1. open': '19.8400', '2. high': '22.8600', '3. low': '18.9300', '4. close': '21.2100', '5. volume': '14460600'}"
2011-11-30,,"{'1. open': '18.6300', '2. high': '21.0700', '3. low': '16.7300', '4. close': '20.0200', '5. volume': '14430400'}"
2011-10-31,,"{'1. open': '13.5200', '2. high': '21.3500', '3. low': '11.8700', '4. close': '19.6900', '5. volume': '17811200'}"
2011-09-30,,"{'1. open': '21.1300', '2. high': '21.4900', '3. low': '13.7400', '4. close': '13.7600', '5. volume': '15744700'}"
2011-08-31,,"{'1. open': '27.8600', '2. high': '28.5600', '3. low': '17.6800', '4. close': '21.1200', '5. volume': '21395400'}"
2011-07-29,,"{'1. open': '26.0200', '2. high': '29.2700', '3. low': '25.2500', '4. close': '27.1000', '5. volume': '13913000'}"
2011-06-30,,"{'1. open': '25.7900', '2. high': '26.2500', '3. low': '21.6100', '4. close': '26.1200', '5. volume': '20387400'}"
2011-05-31,,"{'1. open': '26.9400', '2. high': '27.4100', '3. low': '22.2300', '4. close': '25.9000', '5. volume': '17952500'}"
2011-04-29,,"{'1. open': '23.1400', '2. high': '28.7900', '3. low': '21.0900', '4. close': '26.8100', '5. volume': '18080000'}"
2011-03-31,,"{'1. open': '26.0300', '2. high': '26.0300', '3. low': '18.5700', '4. close': '22.7900', '5. volume': '30502200'}"
2011-02-28,,"{'1. open': '20.5700', '2. high': '26.1200', '3. low': '20.3300', '4. close': '25.5300', '5. volume': '14314500'}"
2011-01-31,,"{'1. open': '18.1000', '2. high': '20.6500', '3. low': '17.5100', '4. close': '20.3500', '5. volume': '15302400'}"
2010-12-31,,"{'1. open': '17.2200', '2. high': '20.0000', '3. low': '15.6900', '4. close': '17.8700', '5. volume': '23307300'}"
2010-11-30,,"{'1. open': '10.9500', '2. high': '16.9300', '3. low': '10.6100', '4. close': '16.7500', '5. volume': '27615800'}"
2010-10-29,,"{'1. open': '10.6900', '2. high': '11.4200', '3. low': '10.5000', '4. close': '10.8800', '5. volume': '9573700'}"
2010-09-30,,"{'1. open': '9.2000', '2. high': '10.8300', '3. low': '9.1200', '4. close': '10.6000', '5. volume': '9811800'}"
2010-08-31,,"{'1. open': '9.3000', '2. high': '10.1700', '3. low': '8.5008', '4. close': '9.0400', '5. volume': '12187400'}"
2010-07-30,,"{'1. open': '9.4700', '2. high': '9.7600', '3. low': '8.4100', '4. close': '9.2100', '5. volume': '12546800'}"
2010-06-30,,"{'1. open': '9.4900', '2. high': '10.9100', '3. low': '8.4300', '4. close': '9.4600', '5. volume': '21774700'}"
2010-05-28,,"{'1. open': '9.7000', '2. high': '10.5000', '3. low': '8.2501', '4. close': '9.7400', '5. volume': '22946500'}"
2010-04-30,,"{'1. open': '8.5400', '2. high': '12.0000', '3. low': '8.4900', '4. close': '9.4700', '5. volume': '21827500'}"
2010-03-31,,"{'1. open': '8.7700', '2. high': '9.5800', '3. low': '8.2400', '4. close': '8.4000', '5. volume': '14361600'}"
2010-02-26,,"{'1. open': '9.0200', '2. high': '9.5500', '3. low': '8.1500', '4. close': '8.8100', '5. volume': '15727300'}"
2010-01-29,,"{'1. open': '11.9000', '2. high': '13.2700', '3. low': '8.9000', '4. close': '8.9100', '5. volume': '21073400'}"
2009-12-31,,"{'1. open': '10.4500', '2. high': '12.3100', '3. low': '10.1200', '4. close': '11.7000', '5. volume': '12885900'}"
2009-11-30,,"{'1. open': '11.8100', '2. high': '12.8200', '3. low': '9.7750', '4. close': '10.3500', '5. volume': '15570400'}"
2009-10-30,,"{'1. open': '11.6500', '2. high': '14.8700', '3. low': '10.7100', '4. close': '11.6500', '5. volume': '16653900'}"
2009-09-30,,"{'1. open': '9.8000', '2. high': '12.8800', '3. low': '9.0400', '4. close': '11.7100', '5. volume': '17195700'}"
2009-08-31,,"{'1. open': '10.9100', '2. high': '12.2400', '3. low': '9.7800', '4. close': '9.8800', '5. volume': '15965000'}"
2009-07-31,,"{'1. open': '9.9800', '2. high': '10.8500', '3. low': '7.7001', '4. close': '10.6900', '5. volume': '19930800'}"
2009-06-30,,"{'1. open': '10.6600', '2. high': '12.1000', '3. low': '8.1700', '4. close': '9.7400', '5. volume': '28003500'}"
2009-05-29,,"{'1. open': '9.2800', '2. high': '10.8300', '3. low': '7.6300', '4. close': '10.2000', '5. volume': '22294700'}"
2009-04-30,,"{'1. open': '5.9100', '2. high': '9.9500', '3. low': '5.8000', '4. close': '9.2800', '5. volume': '20443000'}"
2009-03-31,,"{'1. open': '7.6600', '2. high': '7.8400', '3. low': '4.9400', '4. close': '6.1500', '5. volume': '38078400'}"
2009-02-27,,"{'1. open': '12.3000', '2. high': '13.0900', '3. low': '8.0500', '4. close': '8.0500', '5. volume': '20893200'}"
2009-01-30,,"{'1. open': '14.5200', '2. high': '17.3000', '3. low': '11.7000', '4. close': '12.5700', '5. volume': '16558000'}"
2008-12-31,,"{'1. open': '13.5100', '2. high': '14.6600', '3. low': '9.9900', '4. close': '14.3200', '5. volume': '15728300'}"
2008-11-28,,"{'1. open': '19.3100', '2. high': '19.9500', '3. low': '10.7700', '4. close': '14.0000', '5. volume': '18176800'}"
2008-10-31,,"{'1. open': '27.0100', '2. high': '27.0100', '3. low': '14.5700', '4. close': '19.1700', '5. volume': '35297700'}"
2008-09-30,,"{'1. open': '34.0000', '2. high': '36.0000', '3. low': '25.2000', '4. close': '27.2900', '5. volume': '30581800'}"
2008-08-29,,"{'1. open': '43.8000', '2. high': '45.9900', '3. low': '33.3400', '4. close': '35.1600', '5. volume': '25361600'}"
2008-07-31,,"{'1. open': '58.6400', '2. high': '59.9900', '3. low': '41.8000', '4. close': '44.2600', '5. volume': '23878400'}"
2008-06-30,,"{'1. open': '55.8200', '2. high': '59.9900', '3. low': '53.0700', '4. close': '58.5100', '5. volume': '23616900'}"
2008-05-30,,"{'1. open': '40.9000', '2. high': '56.9100', '3. low': '38.4300', '4. close': '55.7600', '5. volume': '17410700'}"
2008-04-30,,"{'1. open': '34.5900', '2. high': '43.7000', '3. low': '33.4000', '4. close': '40.9000', '5. volume': '17493100'}"
2008-03-31,,"{'1. open': '35.7800', '2. high': '36.2700', '3. low': '30.4700', '4. close': '34.1100', '5. volume': '17198300'}"
2008-02-29,,"{'1. open': '27.6500', '2. high': '39.3900', '3. low': '27.6500', '4. close': '35.4800', '5. volume': '14675700'}"
2008-01-31,,"{'1. open': '30.2700', '2. high': '33.8300', '3. low': '26.4100', '4. close': '28.2700', '5. volume': '13260200'}"
2007-12-31,,"{'1. open': '26.4000', '2. high': '31.0000', '3. low': '25.7700', '4. close': '29.9600', '5. volume': '6251800'}"
2007-11-30,,"{'1. open': '26.9500', '2. high': '28.8600', '3. low': '23.8000', '4. close': '26.4000', '5. volume': '9899600'}"
2007-10-31,,"{'1. open': '24.2800', '2. high': '27.0100', '3. low': '23.5900', '4. close': '26.8200', '5. volume': '9220800'}"
2007-09-28,,"{'1. open': '22.2700', '2. high': '25.3700', '3. low': '22.1600', '4. close': '24.3800', '5. volume': '7633900'}"
2007-08-31,,"{'1. open': '23.5500', '2. high': '24.7600', '3. low': '20.5300', '4. close': '22.2900', '5. volume': '11918300'}"
2007-07-31,,"{'1. open': '27.9100', '2. high': '28.1000', '3. low': '23.4000', '4. close': '23.4200', '5. volume': '8725600'}"
2007-06-29,,"{'1. open': '29.4500', '2. high': '30.6700', '3. low': '27.4700', '4. close': '27.9900', '5. volume': '8144100'}"
2007-05-31,,"{'1. open': '30.5600', '2. high': '32.0700', '3. low': '26.9700', '4. close': '29.4100', '5. volume': '12777600'}"
2007-04-30,,"{'1. open': '28.9400', '2. high': '31.1500', '3. low': '28.7500', '4. close': '30.3500', '5. volume': '9093100'}"
2007-03-30,,"{'1. open': '29.2700', '2. high': '33.2000', '3. low': '25.7600', '4. close': '28.9300', '5. volume': '11573100'}"
2007-02-28,,"{'1. open': '30.7200', '2. high': '31.9900', '3. low': '28.0000', '4. close': '30.0200', '5. volume': '7678200'}"
2007-01-31,,"{'1. open': '30.6000', '2. high': '31.0000', '3. low': '27.5000', '4. close': '30.7200', '5. volume': '8075500'}"
2006-12-29,,"{'1. open': '34.6600', '2. high': '35.2000', '3. low': '29.8000', '4. close': '30.7200', '5. volume': '6962300'}"
2006-11-30,,"{'1. open': '33.7300', '2. high': '37.4500', '3. low': '32.4900', '4. close': '34.6600', '5. volume': '7359400'}"
2006-10-31,,"{'1. open': '29.1800', '2. high': '34.0000', '3. low': '26.9900', '4. close': '33.7700', '5. volume': '9017000'}"
2006-09-29,,"{'1. open': '32.2000', '2. high': '32.8600', '3. low': '26.8352', '4. close': '29.2100', '5. volume': '8420600'}"
2006-08-31,,"{'1. open': '34.1000', '2. high': '35.1000', '3. low': '29.9000', '4. close': '32.0900', '5. volume': '10850300'}"
2006-07-31,,"{'1. open': '38.8900', '2. high': '40.0700', '3. low': '32.0700', '4. close': '34.0600', '5. volume': '13527900'}"
2006-06-30,,"{'1. open': '38.3800', '2. high': '41.3500', '3. low': '31.5000', '4. close': '38.8900', '5. volume': '7322100'}"
2006-05-31,,"{'1. open': '43.0000', '2. high': '49.1600', '3. low': '35.5900', '4. close': '38.3700', '5. volume': '8393800'}"
2006-04-28,,"{'1. open': '40.3100', '2. high': '47.0000', '3. low': '39.0400', '4. close': '42.6900', '5. volume': '6142300'}"
2006-03-31,,"{'1. open': '39.1400', '2. high': '41.9600', '3. low': '34.3500', '4. close': '40.3100', '5. volume': '8696100'}"
2006-02-28,,"{'1. open': '40.0700', '2. high': '42.6500', '3. low': '34.3430', '4. close': '38.9100', '5. volume': '8194300'}"
2006-01-31,,"{'1. open': '29.5000', '2. high': '40.3500', '3. low': '29.4000', '4. close': '39.9200', '5. volume': '3577200'}"
2005-12-30,,"{'1. open': '29.4800', '2. high': '32.4300', '3. low': '28.6500', '4. close': '29.4000', '5. volume': '3353400'}"
2005-11-30,,"{'1. open': '29.2000', '2. high': '30.0800', '3. low': '26.1500', '4. close': '29.2500', '5. volume': '3933400'}"
2005-10-31,,"{'1. open': '32.4300', '2. high': '32.4300', '3. low': '24.5400', '4. close': '29.2000', '5. volume': '6211000'}"
2005-09-30,,"{'1. open': '27.4500', '2. high': '34.4400', '3. low': '27.4000', '4. close': '32.4300', '5. volume': '5256000'}"
2005-08-31,,"{'1. open': '28.0000', '2. high': '30.0800', '3. low': '25.6000', '4. close': '27.4000', '5. volume': '4736600'}"
2005-07-29,,"{'1. open': '24.0700', '2. high': '28.6000', '3. low': '24.0300', '4. close': '27.8900', '5. volume': '2512500'}"
2005-06-30,,"{'1. open': '21.6000', '2. high': '24.4300', '3. low': '21.5000', '4. close': '24.0700', '5. volume': '3269500'}"
2005-05-31,,"{'1. open': '20.0400', '2. high': '22.1500', '3. low': '19.3000', '4. close': '21.5600', '5. volume': '3691300'}"
2005-04-29,,"{'1. open': '20.7600', '2. high': '21.9000', '3. low': '19.4900', '4. close': '20.0500', '5. volume': '4660800'}"
2005-03-31,,"{'1. open': '20.0000', '2. high': '22.2500', '3. low': '19.5500', '4. close': '20.7600', '5. volume': '6934200'}"
2005-02-28,,"{'1. open': '18.2000', '2. high': '20.3800', '3. low': '18.0500', '4. close': '19.9000', '5. volume': '7379800'}"
